<?xml version="1.0" encoding="UTF-8" ?>
<!DOCTYPE mapper PUBLIC "-//mybatis.org//DTD Mapper 3.0//EN" "http://mybatis.org/dtd/mybatis-3-mapper.dtd" >
<mapper namespace="cn.zcbigdata.mybits_demo.mapper.newGradeMapper" >
    <resultMap id="BaseResultMap" type="cn.zcbigdata.mybits_demo.entity.newGrade" >
        <id      column="id"        property="id"        jdbcType="INTEGER" />
        <result  column="stu_grade"  property="stu_grade"  jdbcType="VARCHAR" />
        <result  column="teacher_id"  property="teacher_id"  jdbcType="INTEGER" />
        <result  column="teacher_name"  property="teacher_name"  jdbcType="VARCHAR" />
        <result  column="stu_lesson"  property="stu_lesson"  jdbcType="INTEGER" />
    </resultMap>

    <sql id="Base_Column_List" >
        id,stu_grade,teacher_id,teacher_name,stu_lesson
    </sql>

    <select id="selectAll" resultMap="BaseResultMap" >
        select
        <include refid="Base_Column_List" />
        from grade
        limit #{offset,jdbcType=INTEGER},#{limit,jdbcType=INTEGER}
    </select>


    <select id="selectGrade"  resultMap="BaseResultMap" parameterType="String">
    select
        id,stu_grade,teacher_id,teacher_name,stu_lesson
    from grade where stu_grade = #{stu_grade,jdbcType=VARCHAR}
    </select>

    <delete id="deleteByGrade"  parameterType="int">
    delete from grade
        where stu_grade = #{stu_grade,jdbcType=VARCHAR}
    </delete>

    <insert id="insert"  parameterType="cn.zcbigdata.mybits_demo.entity.newGrade">
        insert into grade (stu_grade,teacher_id,teacher_name,stu_lesson)
        values (#{stu_grade,jdbcType=VARCHAR},#{teacher_id,jdbcType=INTEGER},#{teacher_name,jdbcType=VARCHAR},#{stu_lesson,jdbcType=INTEGER})
    </insert>

    <update  id="updataGrade"    parameterType="cn.zcbigdata.mybits_demo.entity.newGrade">
        update grade
        set teacher_id = #{teacher_id,jdbcType=INTEGER},
        teacher_name = #{teacher_name,jdbcType=VARCHAR},
        stu_lesson = #{stu_lesson,jdbcType=INTEGER},
        stu_grade = #{stu_grade,jdbcType=VARCHAR}
        where id = #{id,jdbcType=INTEGER}
    </update>
</mapper>