<?xml version="1.0" encoding="UTF-8" ?>
<!DOCTYPE mapper PUBLIC "-//mybatis.org//DTD Mapper 3.0//EN" "http://mybatis.org/dtd/mybatis-3-mapper.dtd" >
<mapper namespace="cn.zcbigdata.mybits_demo.mapper.newStudentMapper" >
    <resultMap id="BaseResultMap" type="cn.zcbigdata.mybits_demo.entity.newStudent" >
        <id      column="id"        property="id"        jdbcType="INTEGER" />
        <result  column="stu_id"  property="stu_id"  jdbcType="INTEGER" />
        <result  column="stu_name"  property="stu_name"  jdbcType="VARCHAR" />
        <result  column="stu_grade"  property="stu_grade"  jdbcType="VARCHAR" />
        <result  column="stu_sexy"  property="stu_sexy"  jdbcType="VARCHAR" />
        <result  column="stu_lesson"  property="stu_lesson"  jdbcType="INTEGER" />
    </resultMap>


    <sql id="Base_Column_List" >
        id,stu_id,stu_name,stu_grade,stu_sexy,stu_lesson
    </sql>


    <select id="selectAll" resultMap="BaseResultMap" parameterType="cn.zcbigdata.mybits_demo.entity.newStudent">
        select
        <include refid="Base_Column_List" />
        from student
        limit #{offset,jdbcType=INTEGER},#{limit,jdbcType=INTEGER}
    </select>

    <select id="selectByStuId" resultMap="BaseResultMap"  parameterType="cn.zcbigdata.mybits_demo.entity.newStudent" >
        select
        <include refid="Base_Column_List" />
        from student
        where stu_id like CONCAT('%',#{stu_id},'%')
    </select>

    <select id="selectByStuName" resultMap="BaseResultMap"  parameterType="cn.zcbigdata.mybits_demo.entity.newStudent" >
        select
        <include refid="Base_Column_List" />
        from student
        where stu_name like CONCAT('%',#{stu_name},'%')
    </select>

    <select id="selectByStuSexy" resultMap="BaseResultMap"  parameterType="cn.zcbigdata.mybits_demo.entity.newStudent" >
        select
        <include refid="Base_Column_List" />
        from student
        where stu_sexy =#{stu_sexy,jdbcType=VARCHAR}
    </select>

    <delete id="deleteByPrimaryKey"  parameterType="java.lang.Integer">
        delete from student
        where stu_id = #{stu_id,jdbcType=INTEGER}
    </delete>

    <insert id="insert" parameterType="cn.zcbigdata.mybits_demo.entity.newStudent" >
        insert into student (stu_id, stu_name, stu_grade, stu_sexy, stu_lesson)
        values (#{stu_id,jdbcType=INTEGER}, #{stu_name,jdbcType=VARCHAR}, #{stu_grade,jdbcType=VARCHAR}, #{stu_sexy,jdbcType=VARCHAR}, #{stu_lesson,jdbcType=INTEGER})
    </insert>

    <update id="updateByPrimaryKey"  parameterType="cn.zcbigdata.mybits_demo.entity.newStudent" >
        update student
        set stu_id = #{stu_id,jdbcType=INTEGER},
        stu_name = #{stu_name,jdbcType=VARCHAR},
        stu_grade = #{stu_grade,jdbcType=VARCHAR},
        stu_sexy = #{stu_sexy,jdbcType=VARCHAR},
        stu_lesson = #{stu_lesson,jdbcType=INTEGER}
        where id = #{id,jdbcType=INTEGER}
    </update>


</mapper>