<?xml version="1.0" encoding="UTF-8" ?>
<!DOCTYPE mapper PUBLIC "-//mybatis.org//DTD Mapper 3.0//EN" "http://mybatis.org/dtd/mybatis-3-mapper.dtd" >
<mapper namespace="cn.zcbigdata.mybits_demo.mapper.newTeacherMapper" >
    <resultMap id="BaseResultMap" type="cn.zcbigdata.mybits_demo.entity.newTeacher" >
        <id      column="id"        property="id"        jdbcType="INTEGER" />
        <result  column="teacher_id"  property="teacher_id"  jdbcType="INTEGER" />
        <result  column="teacher_name"  property="teacher_name"  jdbcType="VARCHAR" />
        <result  column="stu_lesson"  property="stu_lesson"  jdbcType="INTEGER" />
        <result  column="stu_grade"  property="stu_grade"  jdbcType="VARCHAR" />
    </resultMap>

    <resultMap id="BaseResultMapUnion" type="cn.zcbigdata.mybits_demo.entity.Union" >
        <id      column="id"        property="id"        jdbcType="INTEGER" />
        <result  column="stu_id"  property="stu_id"  jdbcType="INTEGER" />
        <result  column="stu_name"  property="stu_name"  jdbcType="VARCHAR" />
        <result  column="stu_grade"  property="stu_grade"  jdbcType="VARCHAR" />
        <result  column="stu_sexy"  property="stu_sexy"  jdbcType="VARCHAR" />
        <result  column="stu_lesson"  property="stu_lesson"  jdbcType="INTEGER" />
    </resultMap>

    <sql id="Base_Column_List" >
        id,teacher_id,teacher_name,stu_lesson,stu_grade
    </sql>

    <select id="selectAll" resultMap="BaseResultMap" >
        select
        <include refid="Base_Column_List" />
        from teacher
        limit #{offset,jdbcType=INTEGER},#{limit,jdbcType=INTEGER}
    </select>

    <select id="selectById" resultMap="BaseResultMapUnion"  >
    select
       student.stu_id,student.stu_name,student.stu_grade,student.stu_sexy,student.stu_lesson,teacher.teacher_id,teacher.teacher_name
    from student inner join teacher on student.stu_grade=teacher.stu_grade where teacher_id like CONCAT('%',#{teacher_id},'%')
        limit #{offset,jdbcType=INTEGER},#{limit,jdbcType=INTEGER}
    </select>


    <insert id="insert" parameterType="cn.zcbigdata.mybits_demo.entity.newTeacher" >
        insert into teacher (teacher_id, teacher_name, stu_lesson, stu_grade)
        values (#{teacher_id,jdbcType=INTEGER}, #{teacher_name,jdbcType=VARCHAR}, #{stu_lesson,jdbcType=INTEGER}, #{stu_grade,jdbcType=VARCHAR})
    </insert>

    <update id="updateByPrimaryKey"  parameterType="cn.zcbigdata.mybits_demo.entity.newTeacher" >
        update teacher
        set teacher_id = #{teacher_id,jdbcType=INTEGER},
        teacher_name = #{teacher_name,jdbcType=VARCHAR},
        stu_lesson = #{stu_lesson,jdbcType=INTEGER},
        stu_grade = #{stu_grade,jdbcType=VARCHAR}
        where id = #{id,jdbcType=INTEGER}
    </update>

    <delete id="deleteByPrimaryKey"  parameterType="int">
        delete from teacher
        where teacher_id = #{teacher_id,jdbcType=INTEGER}
    </delete>


</mapper>